15,339,sandra 'boring' bullock
15,1955,dentist
15,7478,Cambodia
15,32892,Russian
15,34162,forgettable
15,35957,short
15,37729,dull story
15,45950,powerpoint
15,100365,activist
15,100365,documentary
15,100365,uganda
23,150,Ron Howard
68,2174,music
68,2174,weird
68,8623,Steve Martin
73,107999,action
73,107999,anime
73,107999,kung fu
73,111624,drama
73,111624,indie
73,111624,love
73,130682,b movie
73,130682,comedt
73,130682,horror
77,1199,Trilogy of the Imagination
77,2968,Gilliam
77,2968,Trilogy of the Imagination
77,4467,Trilogy of the Imagination
77,4911,Gilliam
77,5909,Takashi Miike
77,47465,Gilliam
84,296,intense
84,296,r:violence
84,296,tarantino
91,4388,parody
94,1131,emotional
94,1131,tragedy
94,64957,original plot
94,74458,Predictable
106,48711,CHRISTIAN
132,4189,jesus
132,4612,jesus
132,6683,bollywood
132,6986,jesus
132,27255,No progress
132,27255,Too slow
132,27255,Views
138,260,cult classic
138,260,Science Fiction
138,1258,cult film
138,1258,jack nicholson
138,1258,psychological
138,1258,Stanley Kubrick
138,1704,genius
138,1704,intellectual
138,1704,mathematics
138,1704,psychology
138,4226,Mindfuck
138,4226,nonlinear
138,4226,psychology
138,4226,twist ending
138,4995,genius
138,4995,intelligent
138,4995,math
138,4995,mathematics
138,4995,twist ending
138,48780,Christopher Nolan
138,48780,complicated
138,48780,Hugh Jackman
138,48780,nonlinear
138,48780,psychological
138,48780,twist ending
138,79132,alternate reality
138,79132,Christopher Nolan
138,79132,intellectual
138,79132,mindfuck
138,79132,philosophy
138,79132,sci-fi
138,79132,twist ending
138,109487,artificial intelligence
138,109487,Christopher Nolan
138,109487,good science
138,109487,interesting ideea
138,109487,philosophical issues
138,109487,physics
138,109487,relativity
138,109487,sci-fi
138,109487,sentimental
138,109487,space
138,109487,time travel
138,109487,time-travel
149,121231,eerie
149,121231,friendship
149,121231,teenagers
152,52319,World War II
164,608,Quirky
176,5445,Tom Cruise
176,7458,Brad Pitt
176,8972,Nicolas Cage
176,69640,Johnny Depp
176,104841,sexist
179,260,nerdy
179,260,Science Fiction
187,2082,Emilio Estevez
200,260,critically acclaimed
200,260,Science Fiction
200,80551,strong female presence
212,1061,emotional
212,1061,revenge
212,1061,true story
212,1732,cult film
212,1732,dark comedy
212,1732,satirical
212,2359,British
212,2641,childish plot
212,2641,plot holes
212,2641,superhero
212,3257,Kevin Costner
212,3257,snorefest
212,3275,vigilantism
212,3300,anti-hero
212,3300,Cole Hauser
212,3300,Vin Diesel
212,3301,Amanda Peet
212,3301,Matthew Perry
212,3301,Rosanna Arquette
212,3809,Bill Murray
212,3809,quirky
212,3882,cheerleading
212,3882,Eliza Dushku
212,3882,Overrated
212,4069,standard romantic comedy
212,5219,video game adaptation
212,5507,play enough video games and you can become an NSA agent
212,5507,ridiculous training sequence
212,7373,Guillermo del Toro
212,7373,steampunk
212,7373,superhero
212,8861,Oded Fehr
212,8861,post-apocalyptic
212,8861,Sienna Guillory
212,8861,zombies
212,8928,Beautiful Woman
212,8928,campy
212,8928,irreverent
212,8928,quirky
212,8928,Roman Polanski
212,27904,good animation
212,27904,interesting concept - bad execution
212,27904,surrealism
212,34405,aliens
212,34405,black comedy
212,34405,Firefly
212,37733,disappointing
212,37733,overrated
212,37733,Viggo Mortensen
212,48394,dark
212,48394,fairytale
212,60684,alternate reality
212,60684,diluted version of comic
212,60684,dystopia
212,60684,stylized
212,63992,high school
212,63992,Kristen Stewart
212,63992,Robert Pattinson
212,63992,Teen movie
212,63992,Vampire Human Love
212,64957,adapted from:book
212,64957,Aging Disorder
212,64957,Brad Pitt
212,64957,cinematography
212,64957,drama
212,64957,original plot
212,64957,slow parts
212,64957,touching
212,66097,alternate universe
212,66097,author:Neil Gaiman
212,66097,claymation
212,66097,Dakota Fanning
212,66097,dark
212,66097,fairy tale
212,66097,Neil Gaiman
212,66934,Captain Hammer
212,66934,joss whedon
212,66934,mad scientist
212,66934,musical
212,66934,Nathan Fillion
212,66934,Neil Patrick Harris
212,66934,parody
212,68157,Brad Pitt
212,68157,ending
212,68157,gratuitous violence
212,68157,Quentin Tarantino
212,68157,satire
212,68157,unusual plot structure
212,68157,violence
212,68157,World War II
212,68319,action
212,68319,bad plot
212,68319,hugh jackman
212,68319,superhero
212,68319,too long
212,69526,bad plot
212,69526,robots
212,69526,sufficiently explodey to be good
212,69712,Abigail Breslin
212,69712,ending
212,69712,genuine characters
212,69712,Jason Patric
212,71057,animation style
219,46970,funny
219,46970,nascar
219,46970,will farell
219,47640,beer
219,47640,guy movie
255,6985,breathtaking
255,7361,i'd like to live in this movie
255,44555,breathtaking
257,3030,akira kurosawa
257,3030,black comedy
277,5618,anime
277,5618,children
277,5618,fantasy
277,5971,fantasy
277,5971,feel-good
277,82461,bad acting
277,82461,bad plot
277,104283,anime
277,132046,sci-fi
294,6754,vampire
294,8865,1940's feel
294,8865,unique look
294,36401,fairy tales
297,104,adam sandler
297,608,overrated
297,1103,overrated
297,2502,that fat nerd is just annoying
297,8528,seen it before
297,47640,Just stupid
297,52973,overrated
297,55820,overrated
297,61024,Exellent first half
297,61024,terrible ending
297,76251,Gore!!!
297,76251,sort of honest
297,78209,Lame everything
313,153,Ei muista
313,293,Ei muista
313,434,Ei muista
313,494,Ei muista
313,593,Katso Sanna!
313,745,Ei muista
313,780,Ei muista
313,858,Katso Sanna!
313,1036,Ei muista
313,1042,Katso Sanna!
313,1120,Katso Sanna!
313,1200,Katso Sanna!
313,1291,Ei muista
313,1610,Katso Sanna!
313,1617,Ei muista
313,2273,Ei muista
313,2329,Ei muista
313,2600,Ei muista
313,2985,Ei muista
313,2989,Ei muista
313,3160,Ei muista
313,3175,Ei muista
313,3499,Ei muista
313,3793,Katso Sanna!
313,3916,Ei muista
313,3949,Ei muista
313,3994,Ei muista
313,4011,Ei muista
313,4023,ei muista
313,4121,Katso Sanna!
313,4223,Ei muista
313,4638,Ei muista
313,5064,Ei muista
313,5602,Ei muista
313,6218,Ei muista
313,7347,Ei muista
313,8781,Ei muista
313,44199,Ei muista
314,260,awesome
314,260,awesome soundtrack
314,260,jedi
314,260,space adventure
346,741,anime
346,924,boring
346,924,slow
346,1036,explosions
346,1199,dystopia
346,1274,anime
346,2019,long
346,2571,sci-fi
346,2571,virtual reality
346,2924,martial arts
346,2997,interesting
346,3265,explosions
346,3265,martial arts
346,3996,martial arts
346,4993,long
346,5782,explosions
346,5782,interesting
346,5902,boring
346,5952,boring
346,5952,long
346,6350,anime
346,6539,Johnny Depp
346,6857,anime
346,7022,explosions
346,7022,martial arts
346,7090,martial arts
346,7153,boring
346,7153,long
346,7361,interesting
346,7844,martial arts
346,8795,Long
346,8874,comedy
346,8874,zombies
346,8961,super-hero
346,26554,apocalypse
346,26554,interesting
346,26585,explosions
346,31878,comedy
346,31878,martial arts
346,31878,Stephen Chow
346,33794,bad camerawork
346,33794,slow
347,1721,romance
347,122886,space
347,122886,star
353,4721,As historicaly correct as Germany winning WW2
353,4721,but still a fun movie.
353,7376,"The Rocks ""finest"" work need I say more?"
353,31221,Try not to mistake this for an episode of Alias
353,32025,Mossad
353,35836,dumb
364,47,biblical
364,47,crime
364,47,dark
364,47,disturbing
364,47,greed
364,47,horror
364,47,serial killer
364,47,violent
364,50,thriller
364,232,aging
364,232,Ang Lee
364,232,cooking
364,232,food
364,232,relationships
364,293,assassin
364,293,hit men
364,293,thriller
364,318,friendship
364,318,Morgan Freeman
364,318,narrated
364,318,prison
364,318,prison escape
364,318,revenge
364,318,Tim Robbins
364,318,wrongful imprisonment
364,1176,imaginative
364,1176,intellectual
364,1176,Irene Jacob
364,1176,Krzysztof Kieslowski
364,1176,lyrical
364,1210,action
364,1210,aliens
364,1210,George Lucas
364,1210,Harrison Ford
364,1210,sci-fi
364,1210,sequel
364,1210,space
364,1210,Star Wars
364,1210,starship pilots
364,1210,war
364,1265,alternate reality
364,1265,Bill Murray
364,1265,character development
364,1265,comedy
364,1265,existentialism
364,1265,feel-good
364,1265,funny
364,1265,love
364,1265,romantic
364,1265,self discovery
364,1732,great dialogue
364,1732,Jeff Bridges
364,1732,Nudity (Full Frontal)
364,1732,off-beat comedy
364,1732,quirky
364,1732,satirical
364,1732,Steve Buscemi
364,2068,coming of age
364,2068,funny
364,2424,bookshop
364,2424,happy ending
364,2424,Meg Ryan
364,2424,Romance
364,2424,romantic comedy
364,2424,Tom Hanks
364,3948,awkward
364,4018,creative
364,4018,funny
364,4018,Helen Hunt
364,4018,hilarious
364,4018,Mel Gibson
364,4018,stereotypes
364,4973,beautifully filmed
364,4973,comedy
364,4973,feel-good
364,4973,imagination
364,4973,love
364,4973,notable soundtrack
364,4973,quirky
364,4973,whimsical
364,5299,comedy
364,5299,family
364,5299,funny
364,6350,aviation
364,6350,funny
364,6350,imagination
364,6350,Studio Ghibli
364,6350,visually appealing
364,6539,comedy
364,6539,Disney
364,6539,funny
364,6539,johnny depp
364,6539,magic
364,6539,Orlando Bloom
364,6539,pirates
364,6539,sword fight
364,7161,family
364,7161,funny
364,7161,Steve Martin
364,8464,american idiocy
364,8464,documentary
364,8464,social criticism
364,26614,thriller
364,26662,anime
364,26662,Hayao Miyazaki
364,26662,Studio Ghibli
364,27611,military
364,27611,sci-fi
364,34321,Billy Bob Thornton
364,34321,comedy
364,34321,cursing
364,34321,funny
364,34321,redemption
364,46578,beauty pageant
364,46578,family
364,46578,independent film
364,46578,off-beat comedy
364,46578,quirky
364,46578,road trip
364,46578,satire
364,46578,steve carell
364,56367,comedy
364,56367,indie
364,56367,pregnancy
364,56367,teen pregnancy
364,56367,witty
364,64957,Aging
364,64957,Brad Pitt
364,64957,original plot
364,64957,philosophical
364,66934,comedy
364,66934,great soundtrack
364,66934,mad scientist
364,66934,Neil Patrick Harris
364,66934,parody
364,68358,sci fi
364,68358,spock
364,68358,Star Trek
364,68358,teleportation
364,72998,aliens
364,72998,graphic design
364,72998,predictable
364,72998,racism
364,72998,sci-fi
364,93040,drama
364,93040,historical
364,93040,interesting
364,95441,cocaine
364,95441,crude humor
364,95441,directorial debut
364,95441,Mark Wahlberg
364,97938,Ang Lee
364,97938,India
364,97938,ocean
364,97938,visually appealing
364,106696,Disney
364,106696,feminist
364,106696,musical
364,106696,storyline
364,109249,beautiful scenery
364,109249,coming of age
364,109249,dark humor
364,109249,Fernando E. Solanas
364,109249,imaginative
364,109249,quirky
364,109249,whimsical
364,109374,amazing storytelling
364,109374,Bill Murray
364,109374,cinematography
364,109374,eastern europe
364,109374,europe
364,109374,historical
364,109374,on the run
364,109374,quirky
364,115617,comedy
364,115617,Coming of Age
364,115617,family
364,115617,friends
364,115617,funny
364,115617,happy ending
364,115617,heartwarming
364,115617,inspiring
364,115617,japanese influence
364,115617,pixar
364,115617,technology
364,118997,comedy
364,118997,fairy tale
364,118997,funny
364,118997,great soundtrack
364,118997,imaginative
364,118997,meryl streep
364,118997,musical
364,134853,coming of age
364,134853,creative
364,134853,happiness
364,134853,imaginative
364,134853,Pixar
377,54290,Why the terrorists hate us
380,40614,predictable
402,260,coming of age
402,260,"space epic
423,111,cult film
423,111,Martin Scorsese
423,111,social commentary
423,247,stylized
423,247,surreal
423,247,surrealism
423,247,visceral
423,745,animation
423,1079,dark comedy
423,1079,dark humor
423,1079,John Cleese
423,1079,quirky
423,1080,Monty Python
423,1089,nonlinear
423,1089,organized crime
423,1089,Quentin Tarantino
423,1219,Alfred Hitchcock
423,1219,psychology
423,1256,Marx Brothers
423,1258,cult film
423,1258,psychology
423,1729,dark comedy
423,2288,disturbing
423,2529,post-apocalyptic
423,2529,twist ending
423,3030,atmospheric
423,3546,insanity
423,3546,psychological thriller
423,5618,atmospheric
423,5618,surreal
423,5662,Dave Foley
423,6287,Adam Sandler
423,6713,Satoshi Kon
423,8188,elegant
423,27592,stylized
423,27592,violent
423,27773,depressing
423,27773,disturbing
423,27773,hallucinatory
423,27773,paranoid
423,27773,revenge
423,27773,stylized
423,27773,twist ending
423,27773,vengeance
423,30745,Takashi Miike
423,31658,Studio Ghibli
423,52885,anime
423,55820,coen brothers
423,58559,Batman
423,67997,british
423,67997,politics
423,67997,satire
431,5,steve martin
431,150,tom hanks
431,186,hugh grant
431,215,ethan hawke
431,236,meg ryan
431,246,school
431,260,classic
431,300,Ralph Fiennes
431,318,Phenomenal!
431,337,Johnny Depp***
431,350,overrated
431,357,didn't get it
431,377,Sandra Bullock
431,520,very funny!
431,529,jodi foster
431,587,sweet
431,628,edward norton
431,661,creepy good
431,904,jimmy stewart
431,1059,claire daines
431,1059,clever
431,1059,Leonardo DiCaprio
431,1059,shakespeare
431,1242,denzel washington
431,1250,war
431,1259,r. phoneix
431,1291,cool
431,1358,billy bob thorton
431,1376,not too thrilled
431,1517,cheezy to the max!
431,1635,moody
431,1639,hillarious
431,1801,good but not accurate
431,1954,stallone
431,1956,il
431,1956,lake forest
431,2004,not worth your time
431,2012,liked the other two better
431,2019,classic
431,2085,cute
431,2174,Micheal Keaton
431,2369,must see
431,2396,colin firth
431,2396,Gwenth Paltrow
431,2396,joseph fiennes
431,2571,philosophy
431,2692,cool and great music
431,2700,stupidity
431,3052,controversial
431,3113,stupid
431,3114,Tom Hanks
431,3260,boring
431,3361,tim robbins
431,3751,mel gibson
431,3785,stupid
431,3793,can't stand rogue!
431,3893,renee z
431,3978,boring
431,3994,predictable
431,4016,okay
431,4041,overrated
431,4306,witty!
431,4351,keanu reeves
431,4369,no desire to see this
431,4641,thora birch
431,4701,jakie chan
431,4823,john cusack
431,4890,Gwenth Paltrow
431,5064,not by book
431,5135,nair
431,5349,tobey maguire
431,5377,books
431,5377,relationships
431,5481,mike myers
431,5812,moore
431,6281,collin farrel
431,6539,I loved it! Seen it five times already!
431,6953,Benicio Del Toro
431,8636,the best comic adaptation!
446,65514,kung fu
446,65514,martial arts
446,65514,well done
446,68954,feel good
446,68954,light
446,88125,dark
448,260,sci-fi
448,260,supernatural powers
450,107649,Alex van Warmerdam
450,107649,magical realism
450,107649,weird
456,3703,action
456,3703,desert
456,3703,Dieselpunk
456,3703,Mel Gibson
456,3703,Post apocalyptic
456,3703,post-apocalyptic
456,44191,dystopia
456,44191,thought-provoking
456,106473,animation
456,106473,anime
456,106473,based on a TV show
456,106473,fantasy world
468,3676,National Film Registry
468,5449,Adam Sandler
478,55247,adventure
478,55247,freedom
478,55247,road trip
478,55247,self discovery
478,55247,travel
478,106918,Iceland
478,106918,photography
478,106918,travel
480,8369,who done it
480,70286,aliens
480,70286,humor
480,70286,sci-fi
480,70286,violence
480,78349,claustrophobic
480,78349,experiment
480,78349,group psychology
480,78349,psychological
480,94777,aliens
480,94777,franchise
480,94777,funny
480,94777,time travel
481,260,George Lucas
481,260,starwars
481,1900,brother sister relationship
481,1900,sad
481,1900,siblings
481,2361,cult film
481,117533,big brother
481,117533,documentary
481,117533,privacy
501,1,Pixar
501,47,psychology
501,47,twist ending
501,296,dark comedy
501,296,Quentin Tarantino
501,778,dark comedy
501,1089,organized crime
501,1089,Quentin Tarantino
501,2542,dark comedy
501,2542,Guy Ritchie
501,2542,organized crime
501,2692,nonlinear
501,2692,time travel
501,2959,dark comedy
501,2959,psychology
501,2959,twist ending
501,3114,animation
501,3949,addiction
501,3949,psychology
501,4011,Guy Ritchie
501,4011,twist ending
501,5608,psychology
501,6016,multiple storylines
501,40148,guy ritchie
501,47099,based on a true story
501,60072,assassin
501,62849,Drugs
501,62849,Guy Ritchie
501,62849,twist ending
501,68157,Quentin Tarantino
501,74458,psychological
501,74458,twist ending
501,77455,renegade art
501,78499,Pixar
501,79132,alternate reality
503,260,Science Fiction
503,260,space
512,74458,Psychological Thriller
512,79132,Intrigued
520,4322,baseball
531,1028,comedy of manners
531,1028,Disney
531,1028,Disney studios
531,1028,Julie Andrews
531,1028,multiple roles
531,1028,musical
531,1028,villain nonexistent or not needed for good story
531,1088,80's classic
531,1088,dance
531,1088,girlie movie
531,1088,music
531,1088,musical parodies
531,1088,rich families
531,1258,disturbing
531,1258,Nudity (Full Frontal - Notable)
531,1258,Nudity (Full Frontal)
531,1258,psychological
531,1258,violent
531,1997,demons
531,1997,horror
531,1997,possession
531,1997,scary
531,2942,dance
531,2942,girlie movie
531,2942,Nudity (Topless)
531,2942,strippers
531,4973,comedy
531,4973,drama
531,4973,notable soundtrack
531,4973,quirky
531,6218,football
531,6218,Funny
531,6218,Keira Knightley
531,6218,love
531,6863,funny
531,6863,Jack Black
531,6863,music
531,6863,not only for kids
531,6863,Rock
531,6863,rock and roll
531,6942,british
531,6942,christmas
531,6942,ensemble cast
531,6942,Keira Knightley
531,6942,love
531,6942,multiple storylines
531,6942,Nudity (Topless - Notable)
531,6942,Nudity (Topless)
531,6942,Romance
531,8533,covers a lifespan
531,8533,memories
531,35836,comedy
531,35836,crude
531,35836,funny
531,35836,nerds
531,35836,Nudity (Topless - Notable)
531,35836,Nudity (Topless)
531,35836,sex
531,45720,fashion
531,45720,New York
531,45720,Paris
531,45720,Streep strong & funny
531,59725,fashion
531,59725,New York City
531,59725,Nudity (Topless)
531,59725,R:strong sexual content
531,59725,romance
531,63131,funny
531,63131,obvious plot
531,63992,romance
531,63992,Teen movie
531,63992,vampires
531,64957,Brad Pitt
531,64957,cinematography
531,64957,drama
531,64969,easily confused with other movie(s) (title)
531,64969,funny
531,64969,Jim carrey
531,64969,Zooey Deschanel
546,3176,Gwyneth Paltrow
546,3176,Jude Law
546,3707,Nudity (Rear)
546,3707,Nudity (Topless)
546,3707,sexy food
546,5984,BDSM
546,5984,Blindfold
546,5984,Bondage
546,5984,Domination
546,5984,Fetish
546,5984,Gag
546,5984,Spanked
546,5984,Submission
546,5984,Tied
546,5984,Udo Kier
546,7155,Nudity (Topless - Notable)
546,7155,Nudity (Topless)
546,39421,Nudity (Topless)
546,39421,porn
546,48780,based on a book
546,48780,twist ending
546,53318,notable nudity
546,53318,Nudity (Full Frontal)
547,215,holes90s
547,293,holes90s
547,306,holes90s
547,319,holes90s
547,364,holes90s
547,541,afi
547,588,holes90s
547,599,dvd
547,599,holes60s
547,757,getdvd
547,914,holes60s
547,946,holes40s
547,954,afi
547,1153,tcm
547,1172,holes80s
547,1197,holes80s
547,1209,holes60s
547,1211,holes80s
547,1232,sightsound
547,1245,holes90s
547,1260,tcm
547,1272,holes70s
547,1273,holes80s
547,1281,holes40s
547,1281,tivo
547,1283,afi
547,1283,hdtv
547,1572,sightsound
547,1935,holes40s
547,1942,holes40s
547,1957,holes80s
547,2028,afi
547,2028,hdtv
547,2028,holes90s
547,2109,holes70s
547,2178,holes70s
547,2182,tcm
547,2202,holes40s
547,2330,holes90s
547,2677,holes90s
547,2730,getdvd
547,2730,holes70s
547,2747,tivo
547,2857,holes60s
547,2920,getdvd
547,2920,holes40s
547,2927,holes40s
547,2936,afi
547,2936,holes40s
547,3022,afi
547,3089,holes40s
547,3111,holes80s
547,3246,holes90s
547,3384,holes70s
547,3415,sightsound
547,3498,holes70s
547,3539,tivo
547,3629,afi
547,3629,hdtv
547,3632,holes40s
547,3634,getdvd
547,3634,holes60s
547,3671,holes70s
547,3679,holes80s
547,3742,sightsound
547,3789,holes60s
547,3811,holes80s
547,3947,holes70s
547,4103,holes80s
547,4262,holes80s
547,4326,holes80s
547,4327,holes60s
547,4437,holes70s
547,4712,holes70s
547,4763,getdvd
547,4928,holes70s
547,5169,tcm
547,5198,holes80s
547,5289,tcm
547,5464,holes00s
547,5747,holes80s
547,5791,holes00s
547,5795,tosee
547,5956,dvd
547,6229,holes70s
547,6433,sightsound
547,6515,tcm
547,6643,sightsound
547,6783,sightsound
547,6830,tcm
547,6874,holes00s
547,6981,sightsound
547,6983,holes40s
547,6985,sightsound
547,7195,tcm
547,7243,afi
547,7243,hdtv
547,7335,tcm
547,7438,holes00s
547,7792,holes70s
547,7926,getdvd
547,8125,afi
547,8128,holes80s
547,8154,holes60s
547,8195,sightsound
547,8207,holes70s
547,8236,tcm
547,8494,dvd
547,8584,tivo
547,8645,holes00s
547,8751,tcm
547,8765,tcm
547,8766,tcm
547,8767,tcm
547,25805,sightsound
547,25927,holes40s
547,25927,tcm
547,26150,sightsound
547,26151,sightsound
547,26366,holes70s
547,31770,tcm
547,34517,tivo
547,37741,toplist05
547,38304,toplist05
547,39183,toplist05
547,40629,toplist05
547,40819,toplist05
547,41585,tcm
547,41863,toplist06
547,41997,hdtv
547,41997,holes00s
547,42217,sightsound
547,44199,toplist06
547,44555,toplist06
547,45028,toplist06
547,45210,toplist06
547,46578,toplist06
547,46664,holes40s
547,46664,tcm
547,46723,toplist06
547,47099,toplist06
547,47274,holes70s
547,47423,toplist06
547,47629,toplist06
547,48394,hdtv
547,48394,holes00s
547,48516,toplist06
547,48696,toplist06
547,48738,toplist06
547,48774,toplist06
547,49824,toplist06
547,49917,toplist06
547,50068,holes00s
547,51540,toplist07
547,52241,toplist07
547,52281,hdtv
547,52281,holes00s
547,52579,getdvd
547,52967,toplist07
547,53000,toplist07
547,53123,toplist07
547,53894,toplist07
547,53953,getdvd
547,54272,toplist07
547,54286,toplist07
547,54513,toplist07
547,54881,toplist07
547,55052,toplist07
547,55063,toplist08
547,55069,holes00s
547,55069,toplist07
547,55118,toplist07
547,55247,toplist07
547,55253,toplist07
547,55269,toplist07
547,55276,toplist07
547,55280,holes00s
547,55363,getdvd
547,55363,holes00s
547,55442,holes00s
547,55442,toplist07
547,55820,toplist07
547,55946,tivo
547,56015,tcm
547,56152,toplist07
547,56286,toplist07
547,56367,toplist07
547,56607,toplist07
547,56782,toplist07
547,56788,toplist07
547,56805,toplist07
547,57669,toplist08
547,58191,toplist08
547,58879,toplist08
547,60069,toplist08
547,60766,toplist08
547,61024,toplist08
547,61236,holes00s
547,61236,toplist08
547,61240,holes00s
547,61240,toplist08
547,61323,toplist08
547,61357,toplist08
547,63082,toplist08
547,63876,toplist08
547,64614,toplist08
547,64620,toplist08
547,64622,toplist08
547,64701,toplist08
547,64839,toplist08
547,66665,toplist09
547,67087,toplist09
547,67255,toplist10
547,67429,toplist08
547,67665,getdvd
547,67665,toplist09
547,67997,toplist09
547,68157,toplist09
547,68954,holes00s
547,69481,toplist09
547,70286,toplist09
547,70293,toplist09
547,71108,toplist09
547,71464,toplist09
547,71745,toplist09
547,72011,toplist09
547,72131,toplist09
547,72176,tivo
547,72226,toplist09
547,72395,toplist09
547,72720,toplist09
547,72741,tivo
547,73023,toplist09
547,74324,toplist10
547,74458,toplist10
547,74545,toplist10
547,77455,getdvd
547,77455,toplist10
547,78039,toplist10
547,78499,toplist10
547,78574,toplist10
547,78653,toplist09
547,79132,toplist10
547,79242,toplist10
547,80463,toplist10
547,80489,toplist10
547,81562,toplist10
547,81591,toplist10
547,81786,getdvd
547,81786,toplist11
547,81845,toplist10
547,81932,toplist10
547,82313,tivo
547,82459,toplist10
547,82463,toplist10
547,83976,toplist11
547,85394,toplist11
547,86320,toplist11
547,86833,toplist11
547,87304,toplist11
547,88129,toplist11
547,88235,toplist11
547,88810,toplist11
547,89260,toplist11
547,89470,toplist11
547,89492,toplist11
547,89759,toplist11
547,89804,toplist11
547,90057,toplist11
547,90376,toplist11
547,90439,toplist11
547,90531,toplist11
547,90866,toplist11
547,91077,toplist11
547,94931,toplist12
547,94959,toplist12
547,94969,getdvd
547,95135,toplist12
547,95449,toplist12
547,95558,toplist12
547,95761,dvd
547,96417,dvd
547,96588,toplist12
547,96610,dvd
547,96610,toplist12
547,96728,toplist12
547,96811,toplist12
547,96832,dvd
547,96832,toplist12
547,97304,toplist12
547,97673,toplist13
547,97752,toplist12
547,97921,toplist12
547,97923,toplist12
547,97938,toplist12
547,98154,toplist12
547,98961,toplist12
547,99114,toplist12
547,99149,toplist12
547,101285,getdvd
547,101525,toplist12
547,101895,toplist13
547,102194,toplist13
547,102469,getdvd
547,103107,toplist13
547,103372,toplist13
547,103449,dvd
547,103624,toplist13
547,103688,dvd
547,105197,toplist13
547,105355,toplist13
547,105504,toplist13
547,106100,toplist13
547,106766,toplist13
547,106916,toplist13
547,106920,toplist13
547,107141,toplist13
547,107636,tivo
547,109374,toplist14
547,110871,getdvd
547,111249,getdvd
547,111251,dvd
547,111251,toplist14
547,111505,getdvd
547,111622,toplist14
547,112070,tivo
547,112183,toplist14
547,112290,toplist14
547,112515,getdvd
547,112515,toplist14
547,112550,getdvd
547,112552,toplist14
547,112556,toplist14
547,112852,toplist14
547,113064,getdvd
547,114254,getdvd
547,114342,toplist14
547,114459,getdvd
547,114662,toplist14
547,115139,tcm
547,115569,toplist14
547,115713,toplist15
547,116161,toplist14
547,116797,toplist14
547,117176,toplist14
547,117533,dvd
547,117533,getdvd
547,117533,toplist14
547,118700,getdvd
547,118700,toplist14
547,118880,getdvd
547,118880,toplist14
547,122882,getdvd
547,122882,toplist15
547,123663,tivo
547,123695,tivo
547,127108,tivo
547,127108,toplist15
547,127114,toplist15
547,127144,tivo
547,127206,getdvd
547,127212,tivo
547,128235,tivo
547,128360,toplist15
547,128512,getdvd
547,128606,toplist15
547,131796,tivo
547,132458,tivo
547,132547,dvd
547,132549,tivo
547,132800,getdvd
547,133645,toplist15
547,133771,getdvd
547,134130,toplist15
547,134853,toplist15
547,134859,getdvd
547,134859,toplist15
547,134881,toplist15
547,137337,toplist15
547,139385,toplist15
547,139642,tivo
547,140174,toplist15
547,140715,tivo
547,140725,tivo
547,141749,toplist15
547,142488,toplist15
547,143385,toplist15
547,144172,bkk
547,146656,toplist15
547,148482,tivo
547,148626,toplist15
547,155064,bkk
547,156387,toplist16
547,158783,bkk
547,160954,bkk
547,161336,getdvd
547,161582,bkk
547,163056,bkk
547,163949,toplist16
547,164977,tivo
547,164979,tivo
567,138610,found footage
567,138610,survival horror
574,47044,Michael Mann
583,112552,determination
583,112552,devotion
583,112552,music
599,66203,honest
599,82152,alex pettyfer
611,105504,hijacking
611,105504,ocean
611,105504,pirates
611,105504,suspense
615,111384,revenge
615,111384,vengeance
615,111931,femme-fatale
615,111931,gritty
615,111931,low-budget
630,260,classic sci-fi
630,260,series
652,146501,gay
660,260,"imaginary world
660,260,script
660,135518,meaning of life
660,135518,philosophical
660,135518,sci-fi
663,260,action
663,260,Syfy
